{"cameraMode":{"drawMode":0,"name":"Shaded","section":"Shading Mode"},"sceneLighting":false,"audioPlay":false,"sceneViewState":{"showFog":true,"showMaterialUpdate":false,"showSkybox":false,"showFlares":true,"showImageEffects":true,"showParticleSystems":true},"in2DMode":false,"pivot":{"x":5.097714424133301,"y":5.0972185134887699,"z":8.74144458770752},"rotation":{"x":0.032425012439489368,"y":0.788215696811676,"z":-0.04165813326835632,"w":0.6132187247276306},"size":0.9282455444335938,"orthographic":false}