{"cameraMode":{"drawMode":0,"name":"Shaded","section":"Shading Mode"},"sceneLighting":false,"audioPlay":false,"sceneViewState":{"showFog":true,"showMaterialUpdate":false,"showSkybox":false,"showFlares":true,"showImageEffects":true,"showParticleSystems":true},"in2DMode":false,"pivot":{"x":0.5526236295700073,"y":2.1579089164733888,"z":14.371849060058594},"rotation":{"x":-0.010394449345767498,"y":0.9120810031890869,"z":-0.40929490327835085,"w":-0.023293811827898027},"size":2.1028456687927248,"orthographic":false}