{"cameraMode":{"drawMode":0,"name":"Shaded","section":"Shading Mode"},"sceneLighting":true,"audioPlay":false,"sceneViewState":{"showFog":true,"showMaterialUpdate":false,"showSkybox":true,"showFlares":true,"showImageEffects":true,"showParticleSystems":true},"in2DMode":false,"pivot":{"x":-14.186981201171875,"y":-57.0909309387207,"z":85.06304931640625},"rotation":{"x":-0.34926626086235049,"y":0.02573596127331257,"z":-0.010449929162859917,"w":-0.9373362064361572},"size":63.87409210205078,"orthographic":false}