{"cameraMode":{"drawMode":0,"name":"Shaded","section":"Shading Mode"},"sceneLighting":false,"audioPlay":false,"sceneViewState":{"showFog":true,"showMaterialUpdate":false,"showSkybox":false,"showFlares":true,"showImageEffects":true,"showParticleSystems":true},"in2DMode":false,"pivot":{"x":2.7799999713897707,"y":0.550000011920929,"z":-11.119999885559082},"rotation":{"x":0.09181971102952957,"y":0.6604541540145874,"z":-0.0818513035774231,"w":0.7407954931259155},"size":1.3387751579284669,"orthographic":false}