{"cameraMode":{"drawMode":0,"name":"Shaded","section":"Shading Mode"},"sceneLighting":true,"audioPlay":false,"sceneViewState":{"showFog":true,"showMaterialUpdate":false,"showSkybox":true,"showFlares":true,"showImageEffects":true,"showParticleSystems":true},"in2DMode":false,"pivot":{"x":6.238167762756348,"y":2.4759774208068849,"z":-9.105010986328125},"rotation":{"x":-0.07460063695907593,"y":-0.8975394368171692,"z":0.4014897346496582,"w":-0.16697324812412263},"size":12.557256698608399,"orthographic":false}