{"cameraMode":{"drawMode":0,"name":"Shaded","section":"Shading Mode"},"sceneLighting":false,"audioPlay":false,"sceneViewState":{"showFog":true,"showMaterialUpdate":false,"showSkybox":false,"showFlares":true,"showImageEffects":true,"showParticleSystems":true},"in2DMode":false,"pivot":{"x":7.679999828338623,"y":3.119999885559082,"z":11.920000076293946},"rotation":{"x":-0.33550986647605898,"y":-0.5228214263916016,"z":0.2340247929096222,"w":-0.7485542893409729},"size":10.000784873962403,"orthographic":false}