{"cameraMode":{"drawMode":0,"name":"Shaded","section":"Shading Mode"},"sceneLighting":false,"audioPlay":false,"sceneViewState":{"showFog":true,"showMaterialUpdate":false,"showSkybox":false,"showFlares":true,"showImageEffects":true,"showParticleSystems":true},"in2DMode":false,"pivot":{"x":93.98999786376953,"y":0.0,"z":97.30999755859375},"rotation":{"x":0.36149081587791445,"y":0.18586258590221406,"z":-0.07374007999897003,"w":0.9111169576644898},"size":27.066471099853517,"orthographic":false}