{"cameraMode":{"drawMode":0,"name":"Shaded","section":"Shading Mode"},"sceneLighting":false,"audioPlay":false,"sceneViewState":{"showFog":true,"showMaterialUpdate":false,"showSkybox":false,"showFlares":true,"showImageEffects":true,"showParticleSystems":true},"in2DMode":false,"pivot":{"x":-27.800966262817384,"y":5.512604236602783,"z":20.97955894470215},"rotation":{"x":-0.0698891431093216,"y":0.916486918926239,"z":-0.34844258427619936,"w":-0.18389339745044709},"size":2.1022229194641115,"orthographic":false}