{"cameraMode":{"drawMode":0,"name":"Shaded","section":"Shading Mode"},"sceneLighting":false,"audioPlay":false,"sceneViewState":{"showFog":true,"showMaterialUpdate":false,"showSkybox":false,"showFlares":true,"showImageEffects":true,"showParticleSystems":true},"in2DMode":false,"pivot":{"x":2.7799999713897707,"y":0.550000011920929,"z":-11.119999885559082},"rotation":{"x":0.032425012439489368,"y":0.788215696811676,"z":-0.04165813326835632,"w":0.6132187247276306},"size":0.7387751340866089,"orthographic":false}