{"cameraMode":{"drawMode":0,"name":"Shaded","section":"Shading Mode"},"sceneLighting":false,"audioPlay":false,"sceneViewState":{"showFog":true,"showMaterialUpdate":false,"showSkybox":false,"showFlares":true,"showImageEffects":true,"showParticleSystems":true},"in2DMode":false,"pivot":{"x":62.4654541015625,"y":3.0568461418151857,"z":-68.17517852783203},"rotation":{"x":-0.2714479863643646,"y":-0.4143056273460388,"z":0.13031724095344544,"w":-0.8594393730163574},"size":26.905288696289064,"orthographic":false}