{"cameraMode":{"drawMode":0,"name":"Shaded","section":"Shading Mode"},"sceneLighting":false,"audioPlay":false,"sceneViewState":{"showFog":true,"showMaterialUpdate":false,"showSkybox":false,"showFlares":true,"showImageEffects":true,"showParticleSystems":true},"in2DMode":false,"pivot":{"x":83.03131103515625,"y":-0.5158324837684631,"z":96.8034896850586},"rotation":{"x":0.12332113832235336,"y":-0.27585479617118838,"z":0.03576137498021126,"w":0.9529975056648254},"size":14.473773002624512,"orthographic":false}