{"cameraMode":{"drawMode":0,"name":"Shaded","section":"Shading Mode"},"sceneLighting":false,"audioPlay":false,"sceneViewState":{"showFog":true,"showMaterialUpdate":false,"showSkybox":false,"showFlares":true,"showImageEffects":true,"showParticleSystems":true},"in2DMode":false,"pivot":{"x":-0.0010000020265579224,"y":-0.18590760231018067,"z":0.7799999713897705},"rotation":{"x":0.3686775863170624,"y":-0.0981028825044632,"z":0.0393095500767231,"w":0.9235925674438477},"size":5.170166015625,"orthographic":false}