{"cameraMode":{"drawMode":0,"name":"Shaded","section":"Shading Mode"},"sceneLighting":true,"audioPlay":false,"sceneViewState":{"showFog":true,"showMaterialUpdate":false,"showSkybox":true,"showFlares":true,"showImageEffects":true,"showParticleSystems":true},"in2DMode":false,"pivot":{"x":62.12333679199219,"y":-64.2253189086914,"z":-18.20471954345703},"rotation":{"x":0.1816798746585846,"y":0.8173313736915588,"z":-0.4143299460411072,"w":0.35824936628341677},"size":60.278438568115237,"orthographic":false}