{"cameraMode":{"drawMode":0,"name":"Shaded","section":"Shading Mode"},"sceneLighting":false,"audioPlay":false,"sceneViewState":{"showFog":true,"showMaterialUpdate":false,"showSkybox":false,"showFlares":true,"showImageEffects":true,"showParticleSystems":true},"in2DMode":false,"pivot":{"x":8.788758277893067,"y":9.377084732055664,"z":-91.44770812988281},"rotation":{"x":0.1160496175289154,"y":0.5392469763755798,"z":-0.07557372003793717,"w":0.8308829665184021},"size":7.266785144805908,"orthographic":false}