{"cameraMode":{"drawMode":0,"name":"Shaded","section":"Shading Mode"},"sceneLighting":false,"audioPlay":false,"sceneViewState":{"showFog":true,"showMaterialUpdate":false,"showSkybox":false,"showFlares":true,"showImageEffects":true,"showParticleSystems":true},"in2DMode":false,"pivot":{"x":4.2140350341796879,"y":2.4493861198425295,"z":1.9999947547912598},"rotation":{"x":0.2612600028514862,"y":-0.6668189764022827,"z":0.2708553969860077,"w":0.6432716846466065},"size":2.1040055751800539,"orthographic":false}