{"cameraMode":{"drawMode":0,"name":"Shaded","section":"Shading Mode"},"sceneLighting":false,"audioPlay":false,"sceneViewState":{"showFog":true,"showMaterialUpdate":false,"showSkybox":false,"showFlares":true,"showImageEffects":true,"showParticleSystems":true},"in2DMode":false,"pivot":{"x":1.0200011730194092,"y":3.291836738586426,"z":12.99000072479248},"rotation":{"x":-0.13334506750106812,"y":0.7127556204795837,"z":-0.14101539552211762,"w":-0.6740738749504089},"size":2.1022226810455324,"orthographic":false}