{"cameraMode":{"drawMode":0,"name":"Shaded","section":"Shading Mode"},"sceneLighting":false,"audioPlay":false,"sceneViewState":{"showFog":true,"showMaterialUpdate":false,"showSkybox":false,"showFlares":true,"showImageEffects":true,"showParticleSystems":true},"in2DMode":false,"pivot":{"x":-9.677196502685547,"y":5.671109199523926,"z":-0.7847861051559448},"rotation":{"x":-0.005664239637553692,"y":0.07106665521860123,"z":0.0005454556085169315,"w":0.9975225925445557},"size":4.655109405517578,"orthographic":false}