{"cameraMode":{"drawMode":0,"name":"Shaded","section":"Shading Mode"},"sceneLighting":true,"audioPlay":false,"sceneViewState":{"showFog":true,"showMaterialUpdate":false,"showSkybox":true,"showFlares":true,"showImageEffects":true,"showParticleSystems":true},"in2DMode":false,"pivot":{"x":1.0199999809265137,"y":2.9200000762939455,"z":-0.3967841863632202},"rotation":{"x":-0.1855076104402542,"y":-0.16541248559951783,"z":0.031670719385147098,"w":-0.9681509733200073},"size":28.244779586791993,"orthographic":false}