{"cameraMode":{"drawMode":0,"name":"Shaded","section":"Shading Mode"},"sceneLighting":false,"audioPlay":false,"sceneViewState":{"showFog":true,"showMaterialUpdate":false,"showSkybox":false,"showFlares":true,"showImageEffects":true,"showParticleSystems":true},"in2DMode":false,"pivot":{"x":0.1499999761581421,"y":2.4700000286102297,"z":-6.316680908203125},"rotation":{"x":-0.42854365706443789,"y":0.38057103753089907,"z":-0.20514120161533357,"w":-0.7935602068901062},"size":2.531304359436035,"orthographic":false}