{"cameraMode":{"drawMode":0,"name":"Shaded","section":"Shading Mode"},"sceneLighting":true,"audioPlay":false,"sceneViewState":{"showFog":true,"showMaterialUpdate":false,"showSkybox":true,"showFlares":true,"showImageEffects":true,"showParticleSystems":true},"in2DMode":false,"pivot":{"x":35.25292205810547,"y":-0.4431915283203125,"z":76.41349792480469},"rotation":{"x":0.2995879054069519,"y":-0.661342442035675,"z":0.32787778973579409,"w":0.6054902672767639},"size":63.48674774169922,"orthographic":false}