{"cameraMode":{"drawMode":0,"name":"Shaded","section":"Shading Mode"},"sceneLighting":true,"audioPlay":false,"sceneViewState":{"showFog":true,"showMaterialUpdate":false,"showSkybox":true,"showFlares":true,"showImageEffects":true,"showParticleSystems":true},"in2DMode":false,"pivot":{"x":11.647048950195313,"y":3.1331465244293215,"z":17.002635955810548},"rotation":{"x":-0.093856580555439,"y":-0.8927463293075562,"z":0.21188735961914063,"w":-0.3881693184375763},"size":3.6263794898986818,"orthographic":false}